epoch,train_loss,train_acc,train_macro_f1,val_loss,val_acc,val_macro_f1,lr
1,3.619003633448952,0.0375,0.021676247141978567,3.759753465652466,0.02631578947368421,0.004772467567385898,0.0001
